image_id,source,label,split,cross_site
CHNCXR_0001_0,shenzhen,0,test,train
CHNCXR_0002_0,shenzhen,0,train,train
CHNCXR_0003_0,shenzhen,0,train,train
CHNCXR_0004_0,shenzhen,0,test,train
CHNCXR_0005_0,shenzhen,0,train,train
CHNCXR_0006_0,shenzhen,0,train,train
CHNCXR_0007_0,shenzhen,0,train,train
CHNCXR_0008_0,shenzhen,0,train,train
CHNCXR_0009_0,shenzhen,0,train,train
CHNCXR_0010_0,shenzhen,0,train,val
CHNCXR_0011_0,shenzhen,0,train,train
CHNCXR_0012_0,shenzhen,0,test,val
CHNCXR_0013_0,shenzhen,0,train,train
CHNCXR_0014_0,shenzhen,0,train,train
CHNCXR_0015_0,shenzhen,0,train,train
CHNCXR_0016_0,shenzhen,0,train,train
CHNCXR_0017_0,shenzhen,0,val,train
CHNCXR_0018_0,shenzhen,0,train,train
CHNCXR_0019_0,shenzhen,0,train,train
CHNCXR_0020_0,shenzhen,0,test,train
CHNCXR_0021_0,shenzhen,0,train,train
CHNCXR_0022_0,shenzhen,0,train,train
CHNCXR_0023_0,shenzhen,0,val,train
CHNCXR_0024_0,shenzhen,0,train,train
CHNCXR_0025_0,shenzhen,0,test,train
CHNCXR_0026_0,shenzhen,0,train,train
CHNCXR_0027_0,shenzhen,0,train,val
CHNCXR_0028_0,shenzhen,0,val,train
CHNCXR_0029_0,shenzhen,0,test,val
CHNCXR_0030_0,shenzhen,0,train,train
CHNCXR_0031_0,shenzhen,0,train,train
CHNCXR_0032_0,shenzhen,0,train,train
CHNCXR_0033_0,shenzhen,0,test,train
CHNCXR_0034_0,shenzhen,0,val,train
CHNCXR_0035_0,shenzhen,0,train,val
CHNCXR_0036_0,shenzhen,0,train,train
CHNCXR_0037_0,shenzhen,0,train,train
CHNCXR_0038_0,shenzhen,0,train,train
CHNCXR_0039_0,shenzhen,0,train,train
CHNCXR_0040_0,shenzhen,0,train,val
CHNCXR_0041_0,shenzhen,0,train,val
CHNCXR_0042_0,shenzhen,0,train,train
CHNCXR_0043_0,shenzhen,0,train,train
CHNCXR_0044_0,shenzhen,0,test,train
CHNCXR_0045_0,shenzhen,0,train,train
CHNCXR_0046_0,shenzhen,0,val,val
CHNCXR_0047_0,shenzhen,0,train,train
CHNCXR_0048_0,shenzhen,0,train,train
CHNCXR_0049_0,shenzhen,0,val,train
CHNCXR_0050_0,shenzhen,0,train,train
CHNCXR_0051_0,shenzhen,0,train,train
CHNCXR_0052_0,shenzhen,0,train,train
CHNCXR_0053_0,shenzhen,0,test,train
CHNCXR_0054_0,shenzhen,0,train,train
CHNCXR_0055_0,shenzhen,0,val,train
CHNCXR_0056_0,shenzhen,0,train,train
CHNCXR_0057_0,shenzhen,0,val,train
CHNCXR_0058_0,shenzhen,0,test,train
CHNCXR_0059_0,shenzhen,0,train,train
CHNCXR_0060_0,shenzhen,0,val,train
CHNCXR_0061_0,shenzhen,0,train,train
CHNCXR_0062_0,shenzhen,0,train,train
CHNCXR_0063_0,shenzhen,0,test,train
CHNCXR_0064_0,shenzhen,0,test,train
CHNCXR_0065_0,shenzhen,0,train,train
CHNCXR_0066_0,shenzhen,0,train,train
CHNCXR_0067_0,shenzhen,0,train,train
CHNCXR_0068_0,shenzhen,0,val,train
CHNCXR_0069_0,shenzhen,0,train,val
CHNCXR_0070_0,shenzhen,0,train,train
CHNCXR_0071_0,shenzhen,0,train,train
CHNCXR_0072_0,shenzhen,0,train,train
CHNCXR_0073_0,shenzhen,0,test,train
CHNCXR_0074_0,shenzhen,0,train,train
CHNCXR_0075_0,shenzhen,0,train,train
CHNCXR_0076_0,shenzhen,0,train,val
CHNCXR_0077_0,shenzhen,0,test,train
CHNCXR_0078_0,shenzhen,0,train,train
CHNCXR_0079_0,shenzhen,0,train,val
CHNCXR_0080_0,shenzhen,0,train,train
CHNCXR_0081_0,shenzhen,0,test,val
CHNCXR_0082_0,shenzhen,0,train,train
CHNCXR_0083_0,shenzhen,0,train,train
CHNCXR_0084_0,shenzhen,0,train,train
CHNCXR_0085_0,shenzhen,0,train,train
CHNCXR_0086_0,shenzhen,0,test,train
CHNCXR_0087_0,shenzhen,0,train,train
CHNCXR_0088_0,shenzhen,0,train,train
CHNCXR_0089_0,shenzhen,0,train,train
CHNCXR_0090_0,shenzhen,0,val,val
CHNCXR_0091_0,shenzhen,0,train,train
CHNCXR_0092_0,shenzhen,0,val,train
CHNCXR_0093_0,shenzhen,0,val,train
CHNCXR_0094_0,shenzhen,0,test,train
CHNCXR_0095_0,shenzhen,0,train,train
CHNCXR_0096_0,shenzhen,0,test,train
CHNCXR_0097_0,shenzhen,0,train,train
CHNCXR_0098_0,shenzhen,0,val,train
CHNCXR_0099_0,shenzhen,0,train,train
CHNCXR_0100_0,shenzhen,0,train,val
CHNCXR_0101_0,shenzhen,0,val,train
CHNCXR_0102_0,shenzhen,0,val,train
CHNCXR_0103_0,shenzhen,0,val,train
CHNCXR_0104_0,shenzhen,0,test,train
CHNCXR_0105_0,shenzhen,0,train,train
CHNCXR_0106_0,shenzhen,0,train,train
CHNCXR_0107_0,shenzhen,0,val,train
CHNCXR_0108_0,shenzhen,0,train,train
CHNCXR_0109_0,shenzhen,0,train,train
CHNCXR_0110_0,shenzhen,0,train,train
CHNCXR_0111_0,shenzhen,0,train,train
CHNCXR_0112_0,shenzhen,0,val,train
CHNCXR_0113_0,shenzhen,0,train,train
CHNCXR_0114_0,shenzhen,0,train,train
CHNCXR_0115_0,shenzhen,0,train,train
CHNCXR_0116_0,shenzhen,0,train,train
CHNCXR_0117_0,shenzhen,0,train,train
CHNCXR_0118_0,shenzhen,0,train,train
CHNCXR_0119_0,shenzhen,0,val,train
CHNCXR_0120_0,shenzhen,0,train,train
CHNCXR_0121_0,shenzhen,0,train,train
CHNCXR_0122_0,shenzhen,0,test,train
CHNCXR_0123_0,shenzhen,0,train,train
CHNCXR_0124_0,shenzhen,0,train,train
CHNCXR_0125_0,shenzhen,0,train,train
CHNCXR_0126_0,shenzhen,0,test,train
CHNCXR_0127_0,shenzhen,0,val,train
CHNCXR_0128_0,shenzhen,0,train,val
CHNCXR_0129_0,shenzhen,0,train,train
CHNCXR_0130_0,shenzhen,0,train,train
CHNCXR_0131_0,shenzhen,0,train,train
CHNCXR_0132_0,shenzhen,0,train,train
CHNCXR_0133_0,shenzhen,0,train,val
CHNCXR_0134_0,shenzhen,0,train,train
CHNCXR_0135_0,shenzhen,0,train,train
CHNCXR_0136_0,shenzhen,0,train,train
CHNCXR_0137_0,shenzhen,0,train,val
CHNCXR_0138_0,shenzhen,0,test,train
CHNCXR_0139_0,shenzhen,0,train,train
CHNCXR_0140_0,shenzhen,0,test,val
CHNCXR_0141_0,shenzhen,0,train,train
CHNCXR_0142_0,shenzhen,0,train,train
CHNCXR_0143_0,shenzhen,0,train,train
CHNCXR_0144_0,shenzhen,0,val,train
CHNCXR_0145_0,shenzhen,0,val,val
CHNCXR_0146_0,shenzhen,0,test,train
CHNCXR_0147_0,shenzhen,0,train,train
CHNCXR_0148_0,shenzhen,0,val,train
CHNCXR_0149_0,shenzhen,0,train,train
CHNCXR_0150_0,shenzhen,0,train,train
CHNCXR_0151_0,shenzhen,0,train,train
CHNCXR_0152_0,shenzhen,0,test,train
CHNCXR_0153_0,shenzhen,0,train,train
CHNCXR_0154_0,shenzhen,0,train,train
CHNCXR_0155_0,shenzhen,0,train,train
CHNCXR_0156_0,shenzhen,0,train,val
CHNCXR_0157_0,shenzhen,0,train,train
CHNCXR_0158_0,shenzhen,0,test,train
CHNCXR_0159_0,shenzhen,0,train,train
CHNCXR_0160_0,shenzhen,0,val,val
CHNCXR_0161_0,shenzhen,0,train,train
CHNCXR_0162_0,shenzhen,0,test,train
CHNCXR_0163_0,shenzhen,0,train,train
CHNCXR_0164_0,shenzhen,0,val,val
CHNCXR_0165_0,shenzhen,0,train,train
CHNCXR_0166_0,shenzhen,0,val,train
CHNCXR_0167_0,shenzhen,0,val,train
CHNCXR_0168_0,shenzhen,0,train,train
CHNCXR_0169_0,shenzhen,0,train,train
CHNCXR_0170_0,shenzhen,0,train,val
CHNCXR_0171_0,shenzhen,0,train,train
CHNCXR_0172_0,shenzhen,0,train,train
CHNCXR_0173_0,shenzhen,0,train,train
CHNCXR_0174_0,shenzhen,0,train,train
CHNCXR_0175_0,shenzhen,0,test,train
CHNCXR_0176_0,shenzhen,0,train,train
CHNCXR_0177_0,shenzhen,0,test,train
CHNCXR_0178_0,shenzhen,0,train,train
CHNCXR_0179_0,shenzhen,0,train,train
CHNCXR_0180_0,shenzhen,0,test,train
CHNCXR_0181_0,shenzhen,0,val,train
CHNCXR_0182_0,shenzhen,0,test,val
CHNCXR_0183_0,shenzhen,0,train,train
CHNCXR_0184_0,shenzhen,0,val,train
CHNCXR_0185_0,shenzhen,0,train,train
CHNCXR_0186_0,shenzhen,0,test,train
CHNCXR_0187_0,shenzhen,0,test,train
CHNCXR_0188_0,shenzhen,0,train,train
CHNCXR_0189_0,shenzhen,0,train,train
CHNCXR_0190_0,shenzhen,0,train,train
CHNCXR_0191_0,shenzhen,0,val,train
CHNCXR_0192_0,shenzhen,0,train,train
CHNCXR_0193_0,shenzhen,0,train,train
CHNCXR_0194_0,shenzhen,0,train,train
CHNCXR_0195_0,shenzhen,0,train,val
CHNCXR_0196_0,shenzhen,0,train,train
CHNCXR_0197_0,shenzhen,0,train,train
CHNCXR_0198_0,shenzhen,0,train,train
CHNCXR_0199_0,shenzhen,0,train,train
CHNCXR_0200_0,shenzhen,0,train,train
CHNCXR_0201_0,shenzhen,0,train,train
CHNCXR_0202_0,shenzhen,0,train,train
CHNCXR_0203_0,shenzhen,0,train,train
CHNCXR_0204_0,shenzhen,0,train,train
CHNCXR_0205_0,shenzhen,0,train,train
CHNCXR_0206_0,shenzhen,0,train,train
CHNCXR_0207_0,shenzhen,0,train,train
CHNCXR_0208_0,shenzhen,0,test,train
CHNCXR_0209_0,shenzhen,0,train,train
CHNCXR_0210_0,shenzhen,0,train,train
CHNCXR_0211_0,shenzhen,0,train,val
CHNCXR_0212_0,shenzhen,0,train,train
CHNCXR_0213_0,shenzhen,0,train,train
CHNCXR_0214_0,shenzhen,0,train,train
CHNCXR_0215_0,shenzhen,0,train,train
CHNCXR_0216_0,shenzhen,0,train,train
CHNCXR_0217_0,shenzhen,0,train,val
CHNCXR_0218_0,shenzhen,0,train,val
CHNCXR_0219_0,shenzhen,0,train,train
CHNCXR_0220_0,shenzhen,0,train,train
CHNCXR_0221_0,shenzhen,0,test,train
CHNCXR_0222_0,shenzhen,0,train,train
CHNCXR_0223_0,shenzhen,0,test,train
CHNCXR_0224_0,shenzhen,0,train,val
CHNCXR_0225_0,shenzhen,0,train,train
CHNCXR_0226_0,shenzhen,0,train,train
CHNCXR_0227_0,shenzhen,0,train,train
CHNCXR_0228_0,shenzhen,0,train,val
CHNCXR_0229_0,shenzhen,0,train,train
CHNCXR_0230_0,shenzhen,0,train,train
CHNCXR_0231_0,shenzhen,0,train,val
CHNCXR_0232_0,shenzhen,0,test,train
CHNCXR_0233_0,shenzhen,0,train,train
CHNCXR_0234_0,shenzhen,0,train,train
CHNCXR_0235_0,shenzhen,0,train,val
CHNCXR_0236_0,shenzhen,0,train,val
CHNCXR_0237_0,shenzhen,0,val,train
CHNCXR_0238_0,shenzhen,0,train,train
CHNCXR_0239_0,shenzhen,0,test,train
CHNCXR_0240_0,shenzhen,0,val,train
CHNCXR_0241_0,shenzhen,0,train,train
CHNCXR_0242_0,shenzhen,0,train,train
CHNCXR_0243_0,shenzhen,0,val,val
CHNCXR_0244_0,shenzhen,0,train,train
CHNCXR_0245_0,shenzhen,0,train,train
CHNCXR_0246_0,shenzhen,0,train,val
CHNCXR_0247_0,shenzhen,0,train,train
CHNCXR_0248_0,shenzhen,0,train,train
CHNCXR_0249_0,shenzhen,0,train,train
CHNCXR_0250_0,shenzhen,0,train,train
CHNCXR_0251_0,shenzhen,0,train,val
CHNCXR_0252_0,shenzhen,0,train,train
CHNCXR_0253_0,shenzhen,0,val,train
CHNCXR_0254_0,shenzhen,0,train,train
CHNCXR_0255_0,shenzhen,0,train,train
CHNCXR_0256_0,shenzhen,0,train,train
CHNCXR_0257_0,shenzhen,0,test,train
CHNCXR_0258_0,shenzhen,0,train,train
CHNCXR_0259_0,shenzhen,0,train,train
CHNCXR_0260_0,shenzhen,0,train,train
CHNCXR_0261_0,shenzhen,0,test,train
CHNCXR_0262_0,shenzhen,0,val,train
CHNCXR_0263_0,shenzhen,0,train,train
CHNCXR_0264_0,shenzhen,0,train,train
CHNCXR_0265_0,shenzhen,0,train,train
CHNCXR_0266_0,shenzhen,0,val,train
CHNCXR_0267_0,shenzhen,0,val,train
CHNCXR_0268_0,shenzhen,0,train,val
CHNCXR_0269_0,shenzhen,0,train,train
CHNCXR_0270_0,shenzhen,0,test,train
CHNCXR_0271_0,shenzhen,0,test,train
CHNCXR_0272_0,shenzhen,0,train,train
CHNCXR_0273_0,shenzhen,0,train,train
CHNCXR_0274_0,shenzhen,0,train,train
CHNCXR_0275_0,shenzhen,0,test,train
CHNCXR_0276_0,shenzhen,0,val,train
CHNCXR_0277_0,shenzhen,0,train,train
CHNCXR_0278_0,shenzhen,0,train,val
CHNCXR_0279_0,shenzhen,0,train,train
CHNCXR_0280_0,shenzhen,0,test,train
CHNCXR_0281_0,shenzhen,0,train,train
CHNCXR_0282_0,shenzhen,0,train,train
CHNCXR_0283_0,shenzhen,0,train,train
CHNCXR_0284_0,shenzhen,0,train,train
CHNCXR_0285_0,shenzhen,0,train,train
CHNCXR_0286_0,shenzhen,0,val,train
CHNCXR_0287_0,shenzhen,0,val,val
CHNCXR_0288_0,shenzhen,0,test,train
CHNCXR_0289_0,shenzhen,0,train,train
CHNCXR_0290_0,shenzhen,0,train,train
CHNCXR_0291_0,shenzhen,0,val,train
CHNCXR_0292_0,shenzhen,0,train,train
CHNCXR_0293_0,shenzhen,0,test,train
CHNCXR_0294_0,shenzhen,0,train,train
CHNCXR_0295_0,shenzhen,0,train,train
CHNCXR_0296_0,shenzhen,0,train,train
CHNCXR_0297_0,shenzhen,0,train,train
CHNCXR_0298_0,shenzhen,0,train,train
CHNCXR_0299_0,shenzhen,0,train,train
CHNCXR_0300_0,shenzhen,0,train,train
CHNCXR_0301_0,shenzhen,0,val,train
CHNCXR_0302_0,shenzhen,0,val,train
CHNCXR_0303_0,shenzhen,0,val,train
CHNCXR_0304_0,shenzhen,0,val,train
CHNCXR_0305_0,shenzhen,0,train,train
CHNCXR_0306_0,shenzhen,0,train,train
CHNCXR_0307_0,shenzhen,0,train,train
CHNCXR_0308_0,shenzhen,0,train,train
CHNCXR_0309_0,shenzhen,0,train,train
CHNCXR_0310_0,shenzhen,0,train,train
CHNCXR_0311_0,shenzhen,0,val,train
CHNCXR_0312_0,shenzhen,0,train,train
CHNCXR_0313_0,shenzhen,0,train,train
CHNCXR_0314_0,shenzhen,0,val,train
CHNCXR_0315_0,shenzhen,0,train,train
CHNCXR_0316_0,shenzhen,0,train,train
CHNCXR_0317_0,shenzhen,0,test,train
CHNCXR_0318_0,shenzhen,0,test,train
CHNCXR_0319_0,shenzhen,0,train,train
CHNCXR_0320_0,shenzhen,0,train,train
CHNCXR_0321_0,shenzhen,0,train,train
CHNCXR_0322_0,shenzhen,0,train,train
CHNCXR_0323_0,shenzhen,0,val,train
CHNCXR_0324_0,shenzhen,0,train,train
CHNCXR_0325_0,shenzhen,0,test,val
CHNCXR_0326_0,shenzhen,0,train,train
CHNCXR_0327_1,shenzhen,1,train,train
CHNCXR_0328_1,shenzhen,1,train,val
CHNCXR_0329_1,shenzhen,1,val,train
CHNCXR_0330_1,shenzhen,1,train,train
CHNCXR_0331_1,shenzhen,1,val,train
CHNCXR_0332_1,shenzhen,1,train,train
CHNCXR_0333_1,shenzhen,1,train,train
CHNCXR_0334_1,shenzhen,1,test,train
CHNCXR_0335_1,shenzhen,1,val,train
CHNCXR_0336_1,shenzhen,1,val,train
CHNCXR_0337_1,shenzhen,1,train,train
CHNCXR_0338_1,shenzhen,1,train,train
CHNCXR_0339_1,shenzhen,1,val,train
CHNCXR_0340_1,shenzhen,1,train,train
CHNCXR_0341_1,shenzhen,1,train,train
CHNCXR_0342_1,shenzhen,1,train,train
CHNCXR_0343_1,shenzhen,1,train,train
CHNCXR_0344_1,shenzhen,1,train,val
CHNCXR_0345_1,shenzhen,1,train,train
CHNCXR_0346_1,shenzhen,1,train,val
CHNCXR_0347_1,shenzhen,1,train,train
CHNCXR_0348_1,shenzhen,1,train,train
CHNCXR_0349_1,shenzhen,1,train,train
CHNCXR_0350_1,shenzhen,1,train,train
CHNCXR_0351_1,shenzhen,1,train,train
CHNCXR_0352_1,shenzhen,1,train,train
CHNCXR_0353_1,shenzhen,1,train,train
CHNCXR_0354_1,shenzhen,1,train,train
CHNCXR_0355_1,shenzhen,1,test,train
CHNCXR_0356_1,shenzhen,1,train,train
CHNCXR_0357_1,shenzhen,1,val,train
CHNCXR_0358_1,shenzhen,1,train,train
CHNCXR_0359_1,shenzhen,1,train,train
CHNCXR_0360_1,shenzhen,1,train,train
CHNCXR_0361_1,shenzhen,1,train,train
CHNCXR_0362_1,shenzhen,1,train,train
CHNCXR_0363_1,shenzhen,1,test,train
CHNCXR_0364_1,shenzhen,1,train,train
CHNCXR_0365_1,shenzhen,1,train,train
CHNCXR_0366_1,shenzhen,1,test,train
CHNCXR_0367_1,shenzhen,1,train,train
CHNCXR_0368_1,shenzhen,1,test,train
CHNCXR_0369_1,shenzhen,1,val,train
CHNCXR_0370_1,shenzhen,1,train,val
CHNCXR_0371_1,shenzhen,1,train,train
CHNCXR_0372_1,shenzhen,1,val,train
CHNCXR_0373_1,shenzhen,1,train,train
CHNCXR_0374_1,shenzhen,1,train,val
CHNCXR_0375_1,shenzhen,1,train,train
CHNCXR_0376_1,shenzhen,1,train,train
CHNCXR_0377_1,shenzhen,1,train,train
CHNCXR_0378_1,shenzhen,1,test,train
CHNCXR_0379_1,shenzhen,1,train,train
CHNCXR_0380_1,shenzhen,1,train,train
CHNCXR_0381_1,shenzhen,1,train,train
CHNCXR_0382_1,shenzhen,1,test,train
CHNCXR_0383_1,shenzhen,1,train,train
CHNCXR_0384_1,shenzhen,1,train,train
CHNCXR_0385_1,shenzhen,1,val,train
CHNCXR_0386_1,shenzhen,1,val,train
CHNCXR_0387_1,shenzhen,1,train,train
CHNCXR_0388_1,shenzhen,1,val,train
CHNCXR_0389_1,shenzhen,1,train,train
CHNCXR_0390_1,shenzhen,1,val,train
CHNCXR_0391_1,shenzhen,1,val,train
CHNCXR_0392_1,shenzhen,1,train,train
CHNCXR_0393_1,shenzhen,1,test,train
CHNCXR_0394_1,shenzhen,1,train,val
CHNCXR_0395_1,shenzhen,1,train,train
CHNCXR_0396_1,shenzhen,1,train,train
CHNCXR_0397_1,shenzhen,1,train,train
CHNCXR_0398_1,shenzhen,1,train,train
CHNCXR_0399_1,shenzhen,1,test,train
CHNCXR_0400_1,shenzhen,1,test,train
CHNCXR_0401_1,shenzhen,1,train,train
CHNCXR_0402_1,shenzhen,1,val,train
CHNCXR_0403_1,shenzhen,1,test,train
CHNCXR_0404_1,shenzhen,1,train,train
CHNCXR_0405_1,shenzhen,1,train,train
CHNCXR_0406_1,shenzhen,1,val,train
CHNCXR_0407_1,shenzhen,1,train,train
CHNCXR_0408_1,shenzhen,1,test,train
CHNCXR_0409_1,shenzhen,1,train,train
CHNCXR_0410_1,shenzhen,1,train,train
CHNCXR_0411_1,shenzhen,1,val,train
CHNCXR_0412_1,shenzhen,1,train,train
CHNCXR_0413_1,shenzhen,1,train,train
CHNCXR_0414_1,shenzhen,1,test,train
CHNCXR_0415_1,shenzhen,1,train,train
CHNCXR_0416_1,shenzhen,1,test,train
CHNCXR_0417_1,shenzhen,1,train,train
CHNCXR_0418_1,shenzhen,1,train,train
CHNCXR_0419_1,shenzhen,1,test,train
CHNCXR_0420_1,shenzhen,1,train,train
CHNCXR_0421_1,shenzhen,1,train,train
CHNCXR_0422_1,shenzhen,1,train,train
CHNCXR_0423_1,shenzhen,1,train,train
CHNCXR_0424_1,shenzhen,1,train,train
CHNCXR_0425_1,shenzhen,1,test,train
CHNCXR_0426_1,shenzhen,1,train,train
CHNCXR_0427_1,shenzhen,1,train,train
CHNCXR_0428_1,shenzhen,1,train,train
CHNCXR_0429_1,shenzhen,1,test,train
CHNCXR_0430_1,shenzhen,1,test,train
CHNCXR_0431_1,shenzhen,1,train,train
CHNCXR_0432_1,shenzhen,1,test,val
CHNCXR_0433_1,shenzhen,1,train,train
CHNCXR_0434_1,shenzhen,1,val,val
CHNCXR_0435_1,shenzhen,1,test,train
CHNCXR_0436_1,shenzhen,1,train,train
CHNCXR_0437_1,shenzhen,1,train,train
CHNCXR_0438_1,shenzhen,1,train,train
CHNCXR_0439_1,shenzhen,1,train,train
CHNCXR_0440_1,shenzhen,1,train,train
CHNCXR_0441_1,shenzhen,1,test,train
CHNCXR_0442_1,shenzhen,1,train,train
CHNCXR_0443_1,shenzhen,1,train,val
CHNCXR_0444_1,shenzhen,1,train,train
CHNCXR_0445_1,shenzhen,1,train,train
CHNCXR_0446_1,shenzhen,1,val,train
CHNCXR_0447_1,shenzhen,1,train,train
CHNCXR_0448_1,shenzhen,1,train,train
CHNCXR_0449_1,shenzhen,1,test,train
CHNCXR_0450_1,shenzhen,1,train,train
CHNCXR_0451_1,shenzhen,1,train,train
CHNCXR_0452_1,shenzhen,1,train,train
CHNCXR_0453_1,shenzhen,1,val,train
CHNCXR_0454_1,shenzhen,1,val,train
CHNCXR_0455_1,shenzhen,1,val,train
CHNCXR_0456_1,shenzhen,1,train,train
CHNCXR_0457_1,shenzhen,1,test,train
CHNCXR_0458_1,shenzhen,1,val,train
CHNCXR_0459_1,shenzhen,1,train,train
CHNCXR_0460_1,shenzhen,1,train,train
CHNCXR_0461_1,shenzhen,1,train,train
CHNCXR_0462_1,shenzhen,1,train,train
CHNCXR_0463_1,shenzhen,1,test,train
CHNCXR_0464_1,shenzhen,1,val,train
CHNCXR_0465_1,shenzhen,1,train,train
CHNCXR_0466_1,shenzhen,1,test,train
CHNCXR_0467_1,shenzhen,1,train,train
CHNCXR_0468_1,shenzhen,1,test,train
CHNCXR_0469_1,shenzhen,1,train,train
CHNCXR_0470_1,shenzhen,1,train,train
CHNCXR_0471_1,shenzhen,1,train,train
CHNCXR_0472_1,shenzhen,1,train,train
CHNCXR_0473_1,shenzhen,1,test,train
CHNCXR_0474_1,shenzhen,1,train,val
CHNCXR_0475_1,shenzhen,1,train,train
CHNCXR_0476_1,shenzhen,1,train,train
CHNCXR_0477_1,shenzhen,1,train,val
CHNCXR_0478_1,shenzhen,1,train,train
CHNCXR_0479_1,shenzhen,1,train,train
CHNCXR_0480_1,shenzhen,1,train,val
CHNCXR_0481_1,shenzhen,1,test,train
CHNCXR_0482_1,shenzhen,1,train,train
CHNCXR_0483_1,shenzhen,1,train,train
CHNCXR_0484_1,shenzhen,1,train,train
CHNCXR_0485_1,shenzhen,1,train,train
CHNCXR_0486_1,shenzhen,1,train,train
CHNCXR_0487_1,shenzhen,1,train,train
CHNCXR_0488_1,shenzhen,1,train,train
CHNCXR_0489_1,shenzhen,1,train,train
CHNCXR_0490_1,shenzhen,1,train,train
CHNCXR_0491_1,shenzhen,1,test,train
CHNCXR_0492_1,shenzhen,1,train,val
CHNCXR_0493_1,shenzhen,1,train,train
CHNCXR_0494_1,shenzhen,1,test,val
CHNCXR_0495_1,shenzhen,1,train,train
CHNCXR_0496_1,shenzhen,1,val,train
CHNCXR_0497_1,shenzhen,1,train,train
CHNCXR_0498_1,shenzhen,1,val,train
CHNCXR_0499_1,shenzhen,1,train,val
CHNCXR_0500_1,shenzhen,1,train,train
CHNCXR_0501_1,shenzhen,1,train,train
CHNCXR_0502_1,shenzhen,1,train,train
CHNCXR_0503_1,shenzhen,1,train,train
CHNCXR_0504_1,shenzhen,1,test,train
CHNCXR_0505_1,shenzhen,1,val,val
CHNCXR_0506_1,shenzhen,1,val,train
CHNCXR_0507_1,shenzhen,1,train,train
CHNCXR_0508_1,shenzhen,1,train,train
CHNCXR_0509_1,shenzhen,1,train,train
CHNCXR_0510_1,shenzhen,1,train,train
CHNCXR_0511_1,shenzhen,1,val,train
CHNCXR_0512_1,shenzhen,1,train,train
CHNCXR_0513_1,shenzhen,1,train,train
CHNCXR_0514_1,shenzhen,1,train,train
CHNCXR_0515_1,shenzhen,1,train,train
CHNCXR_0516_1,shenzhen,1,train,train
CHNCXR_0517_1,shenzhen,1,train,train
CHNCXR_0518_1,shenzhen,1,val,train
CHNCXR_0519_1,shenzhen,1,val,val
CHNCXR_0520_1,shenzhen,1,train,val
CHNCXR_0521_1,shenzhen,1,test,train
CHNCXR_0522_1,shenzhen,1,train,train
CHNCXR_0523_1,shenzhen,1,train,train
CHNCXR_0524_1,shenzhen,1,train,train
CHNCXR_0525_1,shenzhen,1,train,train
CHNCXR_0526_1,shenzhen,1,train,train
CHNCXR_0527_1,shenzhen,1,train,train
CHNCXR_0528_1,shenzhen,1,val,train
CHNCXR_0529_1,shenzhen,1,train,val
CHNCXR_0530_1,shenzhen,1,train,train
CHNCXR_0531_1,shenzhen,1,train,train
CHNCXR_0532_1,shenzhen,1,train,train
CHNCXR_0533_1,shenzhen,1,train,train
CHNCXR_0534_1,shenzhen,1,train,train
CHNCXR_0535_1,shenzhen,1,train,train
CHNCXR_0536_1,shenzhen,1,train,train
CHNCXR_0537_1,shenzhen,1,train,train
CHNCXR_0538_1,shenzhen,1,train,train
CHNCXR_0539_1,shenzhen,1,train,train
CHNCXR_0540_1,shenzhen,1,train,train
CHNCXR_0541_1,shenzhen,1,train,train
CHNCXR_0542_1,shenzhen,1,train,train
CHNCXR_0543_1,shenzhen,1,train,train
CHNCXR_0544_1,shenzhen,1,train,train
CHNCXR_0545_1,shenzhen,1,train,train
CHNCXR_0546_1,shenzhen,1,val,train
CHNCXR_0547_1,shenzhen,1,test,train
CHNCXR_0548_1,shenzhen,1,train,val
CHNCXR_0549_1,shenzhen,1,train,train
CHNCXR_0550_1,shenzhen,1,test,train
CHNCXR_0551_1,shenzhen,1,train,train
CHNCXR_0552_1,shenzhen,1,val,train
CHNCXR_0553_1,shenzhen,1,train,train
CHNCXR_0554_1,shenzhen,1,train,train
CHNCXR_0555_1,shenzhen,1,test,val
CHNCXR_0556_1,shenzhen,1,train,train
CHNCXR_0557_1,shenzhen,1,train,train
CHNCXR_0558_1,shenzhen,1,val,train
CHNCXR_0559_1,shenzhen,1,test,train
CHNCXR_0560_1,shenzhen,1,train,val
CHNCXR_0561_1,shenzhen,1,val,val
CHNCXR_0562_1,shenzhen,1,train,train
CHNCXR_0563_1,shenzhen,1,train,train
CHNCXR_0564_1,shenzhen,1,train,train
CHNCXR_0565_1,shenzhen,1,train,train
CHNCXR_0566_1,shenzhen,1,train,train
CHNCXR_0567_1,shenzhen,1,train,train
CHNCXR_0568_1,shenzhen,1,train,train
CHNCXR_0569_1,shenzhen,1,val,train
CHNCXR_0570_1,shenzhen,1,test,train
CHNCXR_0571_1,shenzhen,1,val,train
CHNCXR_0572_1,shenzhen,1,train,train
CHNCXR_0573_1,shenzhen,1,test,train
CHNCXR_0574_1,shenzhen,1,train,train
CHNCXR_0575_1,shenzhen,1,train,train
CHNCXR_0576_1,shenzhen,1,train,train
CHNCXR_0577_1,shenzhen,1,train,train
CHNCXR_0578_1,shenzhen,1,train,train
CHNCXR_0579_1,shenzhen,1,train,train
CHNCXR_0580_1,shenzhen,1,test,val
CHNCXR_0581_1,shenzhen,1,test,train
CHNCXR_0582_1,shenzhen,1,train,train
CHNCXR_0583_1,shenzhen,1,train,val
CHNCXR_0584_1,shenzhen,1,test,train
CHNCXR_0585_1,shenzhen,1,train,train
CHNCXR_0586_1,shenzhen,1,val,train
CHNCXR_0587_1,shenzhen,1,val,train
CHNCXR_0588_1,shenzhen,1,train,val
CHNCXR_0589_1,shenzhen,1,train,train
CHNCXR_0590_1,shenzhen,1,train,train
CHNCXR_0591_1,shenzhen,1,train,val
CHNCXR_0592_1,shenzhen,1,test,train
CHNCXR_0593_1,shenzhen,1,train,train
CHNCXR_0594_1,shenzhen,1,train,train
CHNCXR_0595_1,shenzhen,1,train,val
CHNCXR_0596_1,shenzhen,1,test,train
CHNCXR_0597_1,shenzhen,1,train,train
CHNCXR_0598_1,shenzhen,1,train,train
CHNCXR_0599_1,shenzhen,1,train,train
CHNCXR_0600_1,shenzhen,1,train,train
CHNCXR_0601_1,shenzhen,1,test,train
CHNCXR_0602_1,shenzhen,1,train,train
CHNCXR_0603_1,shenzhen,1,val,train
CHNCXR_0604_1,shenzhen,1,train,train
CHNCXR_0605_1,shenzhen,1,val,train
CHNCXR_0606_1,shenzhen,1,train,val
CHNCXR_0607_1,shenzhen,1,train,train
CHNCXR_0608_1,shenzhen,1,train,val
CHNCXR_0609_1,shenzhen,1,train,train
CHNCXR_0610_1,shenzhen,1,test,train
CHNCXR_0611_1,shenzhen,1,train,train
CHNCXR_0612_1,shenzhen,1,val,train
CHNCXR_0613_1,shenzhen,1,train,train
CHNCXR_0614_1,shenzhen,1,train,train
CHNCXR_0615_1,shenzhen,1,test,train
CHNCXR_0616_1,shenzhen,1,train,train
CHNCXR_0617_1,shenzhen,1,train,train
CHNCXR_0618_1,shenzhen,1,val,train
CHNCXR_0619_1,shenzhen,1,train,train
CHNCXR_0620_1,shenzhen,1,train,train
CHNCXR_0621_1,shenzhen,1,train,val
CHNCXR_0622_1,shenzhen,1,val,val
CHNCXR_0623_1,shenzhen,1,train,train
CHNCXR_0624_1,shenzhen,1,train,train
CHNCXR_0625_1,shenzhen,1,test,train
CHNCXR_0626_1,shenzhen,1,train,train
CHNCXR_0627_1,shenzhen,1,train,train
CHNCXR_0628_1,shenzhen,1,val,train
CHNCXR_0629_1,shenzhen,1,train,train
CHNCXR_0630_1,shenzhen,1,val,train
CHNCXR_0631_1,shenzhen,1,train,train
CHNCXR_0632_1,shenzhen,1,train,val
CHNCXR_0633_1,shenzhen,1,val,train
CHNCXR_0634_1,shenzhen,1,train,val
CHNCXR_0635_1,shenzhen,1,train,val
CHNCXR_0636_1,shenzhen,1,train,train
CHNCXR_0637_1,shenzhen,1,train,val
CHNCXR_0638_1,shenzhen,1,val,val
CHNCXR_0639_1,shenzhen,1,val,train
CHNCXR_0640_1,shenzhen,1,train,train
CHNCXR_0641_1,shenzhen,1,train,train
CHNCXR_0642_1,shenzhen,1,train,train
CHNCXR_0643_1,shenzhen,1,train,train
CHNCXR_0644_1,shenzhen,1,train,train
CHNCXR_0645_1,shenzhen,1,test,train
CHNCXR_0646_1,shenzhen,1,train,train
CHNCXR_0647_1,shenzhen,1,train,val
CHNCXR_0648_1,shenzhen,1,test,train
CHNCXR_0649_1,shenzhen,1,train,train
CHNCXR_0650_1,shenzhen,1,train,train
CHNCXR_0651_1,shenzhen,1,train,train
CHNCXR_0652_1,shenzhen,1,train,train
CHNCXR_0653_1,shenzhen,1,test,train
CHNCXR_0654_1,shenzhen,1,train,val
CHNCXR_0655_1,shenzhen,1,val,train
CHNCXR_0656_1,shenzhen,1,train,train
CHNCXR_0657_1,shenzhen,1,train,train
CHNCXR_0658_1,shenzhen,1,train,train
CHNCXR_0659_1,shenzhen,1,train,train
CHNCXR_0660_1,shenzhen,1,train,train
CHNCXR_0661_1,shenzhen,1,train,train
CHNCXR_0662_1,shenzhen,1,train,train
MCUCXR_0001_0,montgomery,0,train,test
MCUCXR_0002_0,montgomery,0,train,test
MCUCXR_0003_0,montgomery,0,test,test
MCUCXR_0004_0,montgomery,0,val,test
MCUCXR_0005_0,montgomery,0,train,test
MCUCXR_0006_0,montgomery,0,test,test
MCUCXR_0008_0,montgomery,0,train,test
MCUCXR_0011_0,montgomery,0,train,test
MCUCXR_0013_0,montgomery,0,train,test
MCUCXR_0015_0,montgomery,0,train,test
MCUCXR_0016_0,montgomery,0,train,test
MCUCXR_0017_0,montgomery,0,train,test
MCUCXR_0019_0,montgomery,0,test,test
MCUCXR_0020_0,montgomery,0,train,test
MCUCXR_0021_0,montgomery,0,val,test
MCUCXR_0022_0,montgomery,0,test,test
MCUCXR_0023_0,montgomery,0,train,test
MCUCXR_0024_0,montgomery,0,train,test
MCUCXR_0026_0,montgomery,0,train,test
MCUCXR_0027_0,montgomery,0,train,test
MCUCXR_0028_0,montgomery,0,train,test
MCUCXR_0029_0,montgomery,0,train,test
MCUCXR_0030_0,montgomery,0,train,test
MCUCXR_0031_0,montgomery,0,train,test
MCUCXR_0035_0,montgomery,0,train,test
MCUCXR_0038_0,montgomery,0,train,test
MCUCXR_0040_0,montgomery,0,train,test
MCUCXR_0041_0,montgomery,0,train,test
MCUCXR_0042_0,montgomery,0,train,test
MCUCXR_0043_0,montgomery,0,train,test
MCUCXR_0044_0,montgomery,0,val,test
MCUCXR_0045_0,montgomery,0,test,test
MCUCXR_0046_0,montgomery,0,train,test
MCUCXR_0047_0,montgomery,0,val,test
MCUCXR_0048_0,montgomery,0,train,test
MCUCXR_0049_0,montgomery,0,train,test
MCUCXR_0051_0,montgomery,0,train,test
MCUCXR_0052_0,montgomery,0,test,test
MCUCXR_0053_0,montgomery,0,train,test
MCUCXR_0054_0,montgomery,0,train,test
MCUCXR_0055_0,montgomery,0,train,test
MCUCXR_0056_0,montgomery,0,train,test
MCUCXR_0057_0,montgomery,0,train,test
MCUCXR_0058_0,montgomery,0,train,test
MCUCXR_0059_0,montgomery,0,train,test
MCUCXR_0060_0,montgomery,0,train,test
MCUCXR_0061_0,montgomery,0,test,test
MCUCXR_0062_0,montgomery,0,train,test
MCUCXR_0063_0,montgomery,0,val,test
MCUCXR_0064_0,montgomery,0,train,test
MCUCXR_0068_0,montgomery,0,test,test
MCUCXR_0069_0,montgomery,0,test,test
MCUCXR_0070_0,montgomery,0,train,test
MCUCXR_0071_0,montgomery,0,val,test
MCUCXR_0072_0,montgomery,0,train,test
MCUCXR_0074_0,montgomery,0,val,test
MCUCXR_0075_0,montgomery,0,train,test
MCUCXR_0077_0,montgomery,0,train,test
MCUCXR_0079_0,montgomery,0,val,test
MCUCXR_0080_0,montgomery,0,train,test
MCUCXR_0081_0,montgomery,0,test,test
MCUCXR_0082_0,montgomery,0,test,test
MCUCXR_0083_0,montgomery,0,train,test
MCUCXR_0084_0,montgomery,0,test,test
MCUCXR_0085_0,montgomery,0,train,test
MCUCXR_0086_0,montgomery,0,val,test
MCUCXR_0087_0,montgomery,0,train,test
MCUCXR_0089_0,montgomery,0,train,test
MCUCXR_0090_0,montgomery,0,train,test
MCUCXR_0091_0,montgomery,0,val,test
MCUCXR_0092_0,montgomery,0,train,test
MCUCXR_0094_0,montgomery,0,train,test
MCUCXR_0095_0,montgomery,0,train,test
MCUCXR_0096_0,montgomery,0,train,test
MCUCXR_0097_0,montgomery,0,train,test
MCUCXR_0099_0,montgomery,0,train,test
MCUCXR_0100_0,montgomery,0,val,test
MCUCXR_0101_0,montgomery,0,val,test
MCUCXR_0102_0,montgomery,0,train,test
MCUCXR_0103_0,montgomery,0,train,test
MCUCXR_0104_1,montgomery,1,test,test
MCUCXR_0108_1,montgomery,1,val,test
MCUCXR_0113_1,montgomery,1,train,test
MCUCXR_0117_1,montgomery,1,test,test
MCUCXR_0126_1,montgomery,1,train,test
MCUCXR_0140_1,montgomery,1,val,test
MCUCXR_0141_1,montgomery,1,train,test
MCUCXR_0142_1,montgomery,1,train,test
MCUCXR_0144_1,montgomery,1,train,test
MCUCXR_0150_1,montgomery,1,train,test
MCUCXR_0162_1,montgomery,1,val,test
MCUCXR_0166_1,montgomery,1,train,test
MCUCXR_0170_1,montgomery,1,train,test
MCUCXR_0173_1,montgomery,1,val,test
MCUCXR_0182_1,montgomery,1,train,test
MCUCXR_0188_1,montgomery,1,train,test
MCUCXR_0194_1,montgomery,1,train,test
MCUCXR_0195_1,montgomery,1,test,test
MCUCXR_0196_1,montgomery,1,train,test
MCUCXR_0203_1,montgomery,1,train,test
MCUCXR_0213_1,montgomery,1,train,test
MCUCXR_0218_1,montgomery,1,test,test
MCUCXR_0223_1,montgomery,1,val,test
MCUCXR_0228_1,montgomery,1,train,test
MCUCXR_0243_1,montgomery,1,val,test
MCUCXR_0251_1,montgomery,1,train,test
MCUCXR_0253_1,montgomery,1,train,test
MCUCXR_0254_1,montgomery,1,train,test
MCUCXR_0255_1,montgomery,1,test,test
MCUCXR_0258_1,montgomery,1,train,test
MCUCXR_0264_1,montgomery,1,train,test
MCUCXR_0266_1,montgomery,1,train,test
MCUCXR_0275_1,montgomery,1,train,test
MCUCXR_0282_1,montgomery,1,test,test
MCUCXR_0289_1,montgomery,1,train,test
MCUCXR_0294_1,montgomery,1,train,test
MCUCXR_0301_1,montgomery,1,train,test
MCUCXR_0309_1,montgomery,1,test,test
MCUCXR_0311_1,montgomery,1,train,test
MCUCXR_0313_1,montgomery,1,train,test
MCUCXR_0316_1,montgomery,1,train,test
MCUCXR_0331_1,montgomery,1,train,test
MCUCXR_0334_1,montgomery,1,train,test
MCUCXR_0338_1,montgomery,1,train,test
MCUCXR_0348_1,montgomery,1,train,test
MCUCXR_0350_1,montgomery,1,train,test
MCUCXR_0352_1,montgomery,1,test,test
MCUCXR_0354_1,montgomery,1,train,test
MCUCXR_0362_1,montgomery,1,val,test
MCUCXR_0367_1,montgomery,1,train,test
MCUCXR_0369_1,montgomery,1,train,test
MCUCXR_0372_1,montgomery,1,train,test
MCUCXR_0375_1,montgomery,1,val,test
MCUCXR_0383_1,montgomery,1,test,test
MCUCXR_0387_1,montgomery,1,train,test
MCUCXR_0390_1,montgomery,1,val,test
MCUCXR_0393_1,montgomery,1,train,test
MCUCXR_0399_1,montgomery,1,train,test
